name,cluster,cluster_name
AmazonBasics AAA Performance Alkaline Batteries (36 Count),0,Pet & Home Essentialss
AmazonBasics Nylon CD/DVD Binder (400 Capacity),4,Accessories
Amazon Echo ‚Äì White,2,Smart Home Devices & Accessories
Amazon Echo Show - Black,2,Smart Home Devices & Accessories
Echo Spot Pair Kit (Black),2,Smart Home Devices & Accessories
Fire TV Stick Streaming Media Player Pair Kit,2,Smart Home Devices & Accessories
AmazonBasics AA Performance Alkaline Batteries (48 Count) - Packaging May Vary,4,Accessories
AmazonBasics Ventilated Adjustable Laptop Stand,4,Accessories
AmazonBasics Backpack for Laptops up to 17-inches,4,Accessories
AmazonBasics 11.6-Inch Laptop Sleeve,4,Accessories
AmazonBasics 15.6-Inch Laptop and Tablet Bag,4,Accessories
AmazonBasics External Hard Drive Case,2,Smart Home Devices & Accessories
Expanding Accordion File Folder Plastic Portable Document Organizer Letter Size,2,Smart Home Devices & Accessories
Cat Litter Box Covered Tray Kitten Extra Large Enclosed Hooded Hidden Toilet,0,Pet & Home Essentialss
Amazon 9W PowerFast Official OEM USB Charger and Power Adapter for Fire Tablets and Kindle eReaders,4,Accessories
Kindle PowerFast International Charging Kit (for accelerated charging in over 200 countries),4,Accessories
AmazonBasics Silicone Hot Handle Cover/Holder - Red,4,Accessories
Amazon Kindle Charger Power Adapter Wall Charger And Usb Cable Micro Usb Cord,4,Accessories
Amazon Echo (1st Generationcertified) Color:White Free Shipping,4,Accessories
Amazon Tap Smart Assistant Alexaenabled (black) Brand New,4,Accessories
"All-New Kindle E-reader - Black, 6"" Glare-Free Touchscreen Display, Wi-Fi - Includes Special Offers",1,E-Readers & Kids Tablets
AmazonBasics USB 3.0 Cable - A-Male to B-Male - 6 Feet (1.8 Meters),0,Pet & Home Essentialss
"Two Door Top Load Pet Kennel Travel Crate Dog Cat Pet Cage Carrier Box Tray 23""",0,Pet & Home Essentialss
Oem Amazon Kindle Power Usb Adapter Wall Travel Charger Fire/dx/+micro Usb Cable,4,Accessories
AmazonBasics 16-Gauge Speaker Wire - 100 Feet,0,Pet & Home Essentialss
Amazon Echo (2nd Generation) Smart Assistant Oak Finish Priority Shipping,4,Accessories
"Kindle Voyage E-reader, 6 High-Resolution Display (300 ppi) with Adaptive Built-in Light, PagePress Sensors, Wi-Fi - Includes Special Offers",1,E-Readers & Kids Tablets
AmazonBasics Nespresso Pod Storage Drawer - 50 Capsule Capacity,4,Accessories
Certified Refurbished Amazon Echo,2,Smart Home Devices & Accessories
"All-new Echo (2nd Generation) with improved sound, powered by Dolby, and a new design Walnut Finish",0,Pet & Home Essentialss
"All-New Fire HD 8 Tablet, 8 HD Display, Wi-Fi, 16 GB - Includes Special Offers, Black",3,Fire Tablets
"Fire Kids Edition Tablet, 7 Display, Wi-Fi, 16 GB, Pink Kid-Proof Case",1,E-Readers & Kids Tablets
"All-New Fire HD 8 Tablet, 8 HD Display, Wi-Fi, 32 GB - Includes Special Offers, Magenta",3,Fire Tablets
"All-New Fire HD 8 Tablet, 8 HD Display, Wi-Fi, 32 GB - Includes Special Offers, Black",3,Fire Tablets
"Kindle Oasis E-reader with Leather Charging Cover - Black, 6 High-Resolution Display (300 ppi), Wi-Fi - Includes Special Offers",1,E-Readers & Kids Tablets
"Kindle Voyage E-reader, 6 High-Resolution Display (300 ppi) with Adaptive Built-in Light, PagePress Sensors, Free 3G + Wi-Fi - Includes Special Offers",1,E-Readers & Kids Tablets
"All-New Fire 7 Tablet with Alexa, 7"" Display, 8 GB - Marine Blue",3,Fire Tablets
"Fire Tablet, 7 Display, Wi-Fi, 16 GB - Includes Special Offers, Black",3,Fire Tablets
"All-New Fire HD 8 Tablet, 8 HD Display, Wi-Fi, 16 GB - Includes Special Offers, Blue",3,Fire Tablets
"All-New Fire HD 8 Tablet, 8 HD Display, Wi-Fi, 32 GB - Includes Special Offers, Blue",3,Fire Tablets
"Kindle Oasis E-reader with Leather Charging Cover - Merlot, 6 High-Resolution Display (300 ppi), Wi-Fi - Includes Special Offers",1,E-Readers & Kids Tablets
"Fire HD 10 Tablet, 10.1 HD Display, Wi-Fi, 16 GB - Includes Special Offers, Silver Aluminum",3,Fire Tablets
"Amazon Fire HD 8 with Alexa (8"" HD Display Tablet)",4,Accessories
AmazonBasics Single-Door Folding Metal Dog Crate - Large (42x28x30 Inches),0,Pet & Home Essentialss
"All-New Kindle Oasis E-reader - 7 High-Resolution Display (300 ppi), Waterproof, Built-In Audible, 32 GB, Wi-Fi + Free Cellular Connectivity",1,E-Readers & Kids Tablets
AmazonBasics Double-Door Folding Metal Dog Crate - Medium (36x23x25 Inches),0,Pet & Home Essentialss
"All-New Fire HD 8 Kids Edition Tablet, 8 HD Display, 32 GB, Pink Kid-Proof Case",3,Fire Tablets
"All-New Fire HD 8 Kids Edition Tablet, 8 HD Display, 32 GB, Blue Kid-Proof Case",3,Fire Tablets
"All-New Fire HD 8 Tablet with Alexa, 8 HD Display, 16 GB, Marine Blue - with Special Offers",3,Fire Tablets
"All-New Fire HD 8 Tablet with Alexa, 8 HD Display, 32 GB, Marine Blue - with Special Offers",3,Fire Tablets
"Fire Tablet with Alexa, 7 Display, 16 GB, Magenta - with Special Offers",3,Fire Tablets
Echo Dot (Previous generation),2,Smart Home Devices & Accessories
"Fire Tablet with Alexa, 7 Display, 16 GB, Blue - with Special Offers",3,Fire Tablets
"Kindle Oasis E-reader with Leather Charging Cover - Walnut, 6 High-Resolution Display (300 ppi), Wi-Fi - Includes Special Offers",1,E-Readers & Kids Tablets
"All-New Kindle Oasis E-reader - 7 High-Resolution Display (300 ppi), Waterproof, Built-In Audible, 8 GB, Wi-Fi - Includes Special Offers",1,E-Readers & Kids Tablets
"Fire Kids Edition Tablet, 7 Display, Wi-Fi, 16 GB, Blue Kid-Proof Case",1,E-Readers & Kids Tablets
"Fire HD 8 Tablet with Alexa, 8 HD Display, 32 GB, Tangerine - with Special Offers",3,Fire Tablets
"Fire Kids Edition Tablet, 7 Display, Wi-Fi, 16 GB, Green Kid-Proof Case",1,E-Readers & Kids Tablets
"Kindle E-reader - White, 6 Glare-Free Touchscreen Display, Wi-Fi - Includes Special Offers",1,E-Readers & Kids Tablets
Amazon Fire TV Gaming Edition Streaming Media Player,2,Smart Home Devices & Accessories
Certified Refurbished Amazon Fire TV with Alexa Voice Remote,2,Smart Home Devices & Accessories
"All-New Kindle Oasis E-reader - 7 High-Resolution Display (300 ppi), Waterproof, Built-In Audible, 32 GB, Wi-Fi - Includes Special Offers",1,E-Readers & Kids Tablets
AmazonBasics Bluetooth Keyboard for Android Devices - Black,4,Accessories
Amazon Kindle Replacement Power Adapter (Fits Latest Generation Kindle and Kindle DX) For shipment in the U.S only,4,Accessories
"Fire HD 8 Tablet with Alexa, 8 HD Display, 16 GB, Tangerine - with Special Offers",3,Fire Tablets
